Pollutant:,NOX,Unit: grams,,,,,,,,,,,,,,,,,,,,,,,,,,,,,,,,,,
,2015.0,2016.0,2017.0,2018.0,2019.0,2020.0,2021.0,2022.0,2023.0,2024.0,2025.0,2026.0,2027.0,2028.0,2029.0,2030.0,2031.0,2032.0,2033.0,2034.0,2035.0,2036.0,2037.0,2038.0,2039.0,2040.0,2041.0,2042.0,2043.0,2044.0,2045.0,2046.0,2047.0,2048.0,2049.0,2050.0
agriculture and forestry 01T03,0.0,0.0,0.0,0.0,0.0,4177.944862155388,4206.850459482038,4235.588972431077,4479.090113735782,4573.415922476835,4621.807150866426,4659.464860782,4696.252154276527,4729.2128875827175,4765.922346153172,4801.410708419908,4793.030170976641,4795.869786758825,4775.556934601847,4766.709993423346,4756.5662776263325,4752.555701485709,4747.272435418402,4747.3963187688305,4747.353367280482,4747.284931776541,4745.400493400949,4752.207214120787,4757.060501605777,4764.047045195876,4776.728596111846,4817.473259727326,4858.689052068716,4901.162578316181,4937.96818904217,4975.836565565917
coal mining 05,0.0,0.0,0.0,0.0,0.0,15907782.857142856,16195152.857142856,16373367.076631976,18359772.82288599,16410346.89715406,17184351.720395613,19678098.05298053,20656387.441247284,22433997.653320827,24442983.559367016,25275680.97993324,25464335.27699556,24763432.80609095,24704968.670809925,24914862.505480852,24409419.73133577,24317225.56089167,24609675.158437412,24823635.920068964,25479130.523017205,24935641.01680752,24414157.081227116,23906973.938029524,23914819.644248012,24448234.59874089,24583389.448866367,24751038.771596488,25170745.04741515,25380273.47928581,25449494.935101848,25344195.727229036
oil and gas extraction 06,0.0,0.0,0.0,0.0,0.0,2451534.2420528154,2495844.552232934,2364790.719369242,2372509.85395465,2567226.6456003264,2611569.492407813,2520914.377672913,2570924.2271684185,2651641.5209702984,2708829.009439787,2782464.0987822507,2835166.7176960097,2878586.0921306126,2898813.478076018,2906905.49719886,2927262.463243971,2923736.2390341875,2930440.6732442696,2941547.353316699,2944191.8403882524,2992857.1095840274,3003772.2778691403,3030366.5229449035,3037666.7121706554,3050970.550793162,3073002.754003703,3097870.6174877253,3109200.0585056553,3096409.124886632,3110749.691014755,3138779.6612127475
other mining and quarrying 07T08,0.0,0.0,0.0,0.0,0.0,0.0,0.0,0.0,0.0,0.0,0.0,0.0,0.0,0.0,0.0,0.0,0.0,0.0,0.0,0.0,0.0,0.0,0.0,0.0,0.0,0.0,0.0,0.0,0.0,0.0,0.0,0.0,0.0,0.0,0.0,0.0
food beverage and tobacco 10T12,0.0,0.0,0.0,0.0,0.0,0.0,0.0,0.0,0.0,0.0,0.0,0.0,0.0,0.0,0.0,0.0,0.0,0.0,0.0,0.0,0.0,0.0,0.0,0.0,0.0,0.0,0.0,0.0,0.0,0.0,0.0,0.0,0.0,0.0,0.0,0.0
textiles apparel and leather 13T15,0.0,0.0,0.0,0.0,0.0,0.0,0.0,0.0,0.0,0.0,0.0,0.0,0.0,0.0,0.0,0.0,0.0,0.0,0.0,0.0,0.0,0.0,0.0,0.0,0.0,0.0,0.0,0.0,0.0,0.0,0.0,0.0,0.0,0.0,0.0,0.0
wood products 16,0.0,0.0,0.0,0.0,0.0,0.0,0.0,0.0,0.0,0.0,0.0,0.0,0.0,0.0,0.0,0.0,0.0,0.0,0.0,0.0,0.0,0.0,0.0,0.0,0.0,0.0,0.0,0.0,0.0,0.0,0.0,0.0,0.0,0.0,0.0,0.0
pulp paper and printing 17T18,0.0,0.0,0.0,0.0,0.0,386494363.73276776,392050318.13361615,415374931.84783846,430431614.36594254,426103964.05695826,425735413.97214353,427385056.71897423,427048412.1079428,428825190.2421484,431757386.08576816,433965285.4370928,438299170.67004853,442487601.23142576,445010398.33037347,448221959.6590834,451330795.894328,452230291.890775,453953634.9261693,458315138.49441344,458570103.9196726,462753125.17467564,468606302.27222,473073669.68604386,476430250.493565,478233788.7552361,479767705.45554835,481419455.6788056,481330488.2484036,482035905.66800237,483368914.6984914,484959618.710757
refined petroleum and coke 19,0.0,0.0,0.0,0.0,0.0,12321257.793657884,12356876.284055382,12395262.809917355,11465375.211525269,15001578.569729345,15765482.127501486,16657464.001875432,17346229.16153704,17232336.814421225,16870268.815752663,16774855.886349348,16537719.630005332,16959592.85763615,17056130.34742324,17027240.25739994,17327992.153558977,17357111.651838474,17557529.74983321,17364536.279417828,17378063.01631024,17408210.865906924,17234346.872938666,17391391.479296684,17319788.34346981,17433823.40695425,17489036.430693947,18773341.668311413,18764093.23716651,17964058.466360595,17476142.27530519,17653048.503898244
chemicals 20,0.0,0.0,0.0,0.0,0.0,201480404.46525025,24235093.426205862,17736189.09042576,19838926.70563653,35481090.47744653,19056276.960653353,8801832.985372039,15432738.909814993,22221087.643838927,28328142.32379499,32992470.274658903,36352853.8292696,39080123.037757665,44923060.44990806,50022594.28424294,53996929.10915777,59764815.61178816,65048824.72049608,68999461.52424009,72581413.88376269,75860425.2568288,78884942.1395831,84792052.93620601,91794312.25292127,97163182.65179414,103607477.72377749,105924972.87789455,107966017.69512972,109337504.04412137,112661755.44996728,117171374.67856516
rubber and plastic products 22,0.0,0.0,0.0,0.0,0.0,0.0,0.0,0.0,0.0,0.0,0.0,0.0,0.0,0.0,0.0,0.0,0.0,0.0,0.0,0.0,0.0,0.0,0.0,0.0,0.0,0.0,0.0,0.0,0.0,0.0,0.0,0.0,0.0,0.0,0.0,0.0
glass and glass products 231,0.0,0.0,0.0,0.0,0.0,0.0,0.0,0.0,0.0,0.0,0.0,0.0,0.0,0.0,0.0,0.0,0.0,0.0,0.0,0.0,0.0,0.0,0.0,0.0,0.0,0.0,0.0,0.0,0.0,0.0,0.0,0.0,0.0,0.0,0.0,0.0
cement and other nonmetallic minerals 239,0.0,0.0,0.0,0.0,0.0,1299918069.1078994,1360212190.590025,1297022488.095238,1352033578.479763,1538311299.7782884,1400038216.6106713,1296136312.5356624,1231716952.0980763,1179263478.9493158,1163398435.105444,1145481022.3617883,1129426729.4392543,1115018442.8718708,925064524.2861334,889667606.6913602,850395216.1403115,812839358.5262277,789576966.9484203,769758876.5095242,737861374.7454458,717267280.2306092,694927593.2466431,675649025.3465812,661194570.6273956,650502126.9526261,633699730.3455449,622925369.8872023,613251284.6396074,602962360.0330513,595673856.6558691,590252549.2526604
iron and steel 241,0.0,0.0,0.0,0.0,0.0,68402242.36252546,69191852.48763457,81617335.25619274,79446428.57142857,77016890.15011206,71873460.80094938,64659653.42266542,61967806.529839724,62829135.218735,63031891.38357311,62304415.30173603,60961215.13619779,58696030.508288525,58696646.56153902,59695484.37715967,59969604.11284064,60599809.24286631,61267739.70982466,61841375.15742277,62582887.18967813,63116401.79926668,63300746.96761345,63928615.85650148,65105319.005066216,65787032.11982143,65994701.99195709,65799712.37527785,65027067.498651266,64137290.37611372,64173076.89132133,64773214.0437206
other metals 242,0.0,0.0,0.0,0.0,0.0,0.0,0.0,0.0,0.0,0.0,0.0,0.0,0.0,0.0,0.0,0.0,0.0,0.0,0.0,0.0,0.0,0.0,0.0,0.0,0.0,0.0,0.0,0.0,0.0,0.0,0.0,0.0,0.0,0.0,0.0,0.0
metal products except machinery and vehicles 25,0.0,0.0,0.0,0.0,0.0,0.0,0.0,0.0,0.0,0.0,0.0,0.0,0.0,0.0,0.0,0.0,0.0,0.0,0.0,0.0,0.0,0.0,0.0,0.0,0.0,0.0,0.0,0.0,0.0,0.0,0.0,0.0,0.0,0.0,0.0,0.0
computers and electronics 26,0.0,0.0,0.0,0.0,0.0,0.0,0.0,0.0,0.0,0.0,0.0,0.0,0.0,0.0,0.0,0.0,0.0,0.0,0.0,0.0,0.0,0.0,0.0,0.0,0.0,0.0,0.0,0.0,0.0,0.0,0.0,0.0,0.0,0.0,0.0,0.0
appliances and electrical equipment 27,0.0,0.0,0.0,0.0,0.0,0.0,0.0,0.0,0.0,0.0,0.0,0.0,0.0,0.0,0.0,0.0,0.0,0.0,0.0,0.0,0.0,0.0,0.0,0.0,0.0,0.0,0.0,0.0,0.0,0.0,0.0,0.0,0.0,0.0,0.0,0.0
other machinery 28,0.0,0.0,0.0,0.0,0.0,0.0,0.0,0.0,0.0,0.0,0.0,0.0,0.0,0.0,0.0,0.0,0.0,0.0,0.0,0.0,0.0,0.0,0.0,0.0,0.0,0.0,0.0,0.0,0.0,0.0,0.0,0.0,0.0,0.0,0.0,0.0
road vehicles 29,0.0,0.0,0.0,0.0,0.0,0.0,0.0,0.0,0.0,0.0,0.0,0.0,0.0,0.0,0.0,0.0,0.0,0.0,0.0,0.0,0.0,0.0,0.0,0.0,0.0,0.0,0.0,0.0,0.0,0.0,0.0,0.0,0.0,0.0,0.0,0.0
nonroad vehicles 30,0.0,0.0,0.0,0.0,0.0,0.0,0.0,0.0,0.0,0.0,0.0,0.0,0.0,0.0,0.0,0.0,0.0,0.0,0.0,0.0,0.0,0.0,0.0,0.0,0.0,0.0,0.0,0.0,0.0,0.0,0.0,0.0,0.0,0.0,0.0,0.0
other manufacturing 31T33,0.0,0.0,0.0,0.0,0.0,106414333.08128545,107304639.00441083,116673208.45716321,126854009.77331851,124787273.94080102,121411470.99477287,119693996.04086784,119446854.62452132,119873859.52598506,121672106.02090009,123870815.66522205,126010734.1580872,129631704.10726018,132730151.37544805,135938638.404795,138676786.8685046,140319146.3165199,142428029.6343411,145517137.13971454,147414886.29131725,150266827.47465223,153041901.9455561,155399748.49477583,157260100.78228256,159092563.65018818,161214055.55347267,164884021.48623744,167176871.89664692,169160882.5996764,171352207.53858277,173594932.46293852
energy pipelines and gas processing 352T353,0.0,0.0,0.0,0.0,0.0,51606615.82459485,51409815.061963774,59313688.859445736,64858940.17094017,74486768.28488632,75864213.5626409,76298886.95020525,81294928.9466091,87576419.70552617,88560428.27631752,89977991.30548723,88934343.2934397,87088212.17159477,83962906.90385182,81871546.17375737,81015475.7472602,80935807.94905253,81004114.9733536,80003726.01910523,80369234.81781486,79980885.13991353,79160556.24093944,79084797.55650438,79533471.02087685,79920093.51122007,80353751.50235197,80624957.26894195,80089888.07880057,79756109.31290473,80153024.55671395,81045020.40153432
water and waste 36T39,0.0,0.0,0.0,0.0,0.0,0.0,0.0,0.0,0.0,0.0,0.0,0.0,0.0,0.0,0.0,0.0,0.0,0.0,0.0,0.0,0.0,0.0,0.0,0.0,0.0,0.0,0.0,0.0,0.0,0.0,0.0,0.0,0.0,0.0,0.0,0.0
construction 41T43,0.0,0.0,0.0,0.0,0.0,0.0,0.0,0.0,0.0,0.0,0.0,0.0,0.0,0.0,0.0,0.0,0.0,0.0,0.0,0.0,0.0,0.0,0.0,0.0,0.0,0.0,0.0,0.0,0.0,0.0,0.0,0.0,0.0,0.0,0.0,0.0
