Pollutant:,CO,Unit: grams,,,,,,,,,,,,,,,,,,,,,,,,,,,,,,,,,,
,2015.0,2016.0,2017.0,2018.0,2019.0,2020.0,2021.0,2022.0,2023.0,2024.0,2025.0,2026.0,2027.0,2028.0,2029.0,2030.0,2031.0,2032.0,2033.0,2034.0,2035.0,2036.0,2037.0,2038.0,2039.0,2040.0,2041.0,2042.0,2043.0,2044.0,2045.0,2046.0,2047.0,2048.0,2049.0,2050.0
agriculture and forestry 01T03,0.0,0.0,0.0,0.0,0.0,8355.889724310777,8413.700918964076,8471.177944862155,8958.180227471565,9146.831844953671,9243.614301732849,9318.929721563998,9392.504308553054,9458.425775165439,9531.844692306342,9602.821416839815,9586.060341953282,9591.739573517654,9551.113869203695,9533.419986846693,9513.132555252661,9505.111402971417,9494.544870836806,9494.792637537663,9494.706734560967,9494.569863553083,9490.800986801896,9504.414428241573,9514.121003211554,9528.094090391754,9553.45719222369,9634.946519454654,9717.378104137431,9802.325156632362,9875.93637808434,9951.673131131834
coal mining 05,0.0,0.0,0.0,0.0,0.0,59894608.0,60976588.666666664,61647585.430463575,69126628.52334875,61786818.65196092,64701034.661475204,74090272.64535587,77773643.22861016,84466547.43688801,92030607.39425239,95165807.69433889,95876112.53515388,93237135.1793489,93017011.07430159,93807285.18491319,91904235.77220018,91557114.25638469,92658220.18434851,93463806.73656544,95931818.31569466,93885518.63843158,91922072.43223312,90012470.33250448,90042010.30690941,92050378.1534911,92559251.50436975,93190470.23274691,94770711.99811721,95559610.32571241,95820236.9635364,95423773.49437225
oil and gas extraction 06,0.0,0.0,0.0,0.0,0.0,2694534.5044365968,2743236.9282634985,2599192.8155880864,2607677.0839813175,2821694.5366778495,2870432.722218211,2770791.7176315063,2825758.628848085,2914476.758712668,2977332.768740933,3058266.6939405245,3116193.2864805427,3163916.4634887185,3186148.8224864095,3195042.936369478,3217417.719667738,3213541.9700899194,3220910.959273062,3233118.552449424,3236025.1655974705,3289514.219417868,3301511.3178313663,3330741.6299138456,3338765.426367626,3353387.9642032725,3377604.0370368506,3404936.845634787,3417389.280202141,3403330.487390193,3419092.514933005,3449900.8636646857
other mining and quarrying 07T08,0.0,0.0,0.0,0.0,0.0,0.0,0.0,0.0,0.0,0.0,0.0,0.0,0.0,0.0,0.0,0.0,0.0,0.0,0.0,0.0,0.0,0.0,0.0,0.0,0.0,0.0,0.0,0.0,0.0,0.0,0.0,0.0,0.0,0.0,0.0,0.0
food beverage and tobacco 10T12,0.0,0.0,0.0,0.0,0.0,0.0,0.0,0.0,0.0,0.0,0.0,0.0,0.0,0.0,0.0,0.0,0.0,0.0,0.0,0.0,0.0,0.0,0.0,0.0,0.0,0.0,0.0,0.0,0.0,0.0,0.0,0.0,0.0,0.0,0.0,0.0
textiles apparel and leather 13T15,0.0,0.0,0.0,0.0,0.0,0.0,0.0,0.0,0.0,0.0,0.0,0.0,0.0,0.0,0.0,0.0,0.0,0.0,0.0,0.0,0.0,0.0,0.0,0.0,0.0,0.0,0.0,0.0,0.0,0.0,0.0,0.0,0.0,0.0,0.0,0.0
wood products 16,0.0,0.0,0.0,0.0,0.0,0.0,0.0,0.0,0.0,0.0,0.0,0.0,0.0,0.0,0.0,0.0,0.0,0.0,0.0,0.0,0.0,0.0,0.0,0.0,0.0,0.0,0.0,0.0,0.0,0.0,0.0,0.0,0.0,0.0,0.0,0.0
pulp paper and printing 17T18,0.0,0.0,0.0,0.0,0.0,498747199.5404737,505916816.8964299,536015795.98109025,555445518.4943703,549860952.0045761,549385360.7930602,551514123.2730039,551079704.1126034,553372526.9886764,557156345.3382779,560005503.6227742,565598115.8983858,571003027.8685924,574258542.3241122,578402864.6458578,582414626.5540606,583575370.8011255,585799238.9694716,591427491.0077124,591756508.2037189,597154439.7968262,604707604.7579411,610472467.5762345,614803928.6138911,617131283.7881949,619110708.9244897,621242190.9731116,621127383.9773908,622037681.7606083,623757847.9086926,625810553.5775491
refined petroleum and coke 19,0.0,0.0,0.0,0.0,0.0,10200095.801697187,10229582.40285842,10261360.5092696,9491557.397667505,12418986.855927113,13051380.853603546,13789803.888358554,14359994.913582934,14265709.66518407,13965973.36106672,13886986.212438494,13690674.068559006,14039919.852558468,14119837.963255784,14095921.436965017,14344897.491580427,14369003.932426186,14534919.120159093,14375150.37574144,14386348.421793034,14411306.178480798,14267373.682753403,14397382.327716267,14338106.005658302,14432509.401137346,14478217.245342677,15541423.34667615,15533767.07608485,14871462.02220394,14467542.878938708,14613993.875239989
chemicals 20,0.0,0.0,0.0,0.0,0.0,469479279.47425276,374349211.31753653,352387850.5887239,383377218.8754051,423012698.6125172,381462030.4239131,352726510.2452803,365462009.4827458,379807286.7880769,394190558.78928566,407298520.194428,416713386.45378685,425872092.6332209,438636298.49526566,448992817.49138874,458048074.73947906,470246504.0748988,481915159.09691244,491361987.0194002,498085815.0344387,505987831.7297541,514408237.7281444,530693405.01617324,547043220.127873,559544428.845564,573644750.5706878,580212302.5744284,582872531.4113524,585332233.2617931,594315657.0586646,605906656.8583574
rubber and plastic products 22,0.0,0.0,0.0,0.0,0.0,0.0,0.0,0.0,0.0,0.0,0.0,0.0,0.0,0.0,0.0,0.0,0.0,0.0,0.0,0.0,0.0,0.0,0.0,0.0,0.0,0.0,0.0,0.0,0.0,0.0,0.0,0.0,0.0,0.0,0.0,0.0
glass and glass products 231,0.0,0.0,0.0,0.0,0.0,0.0,0.0,0.0,0.0,0.0,0.0,0.0,0.0,0.0,0.0,0.0,0.0,0.0,0.0,0.0,0.0,0.0,0.0,0.0,0.0,0.0,0.0,0.0,0.0,0.0,0.0,0.0,0.0,0.0,0.0,0.0
cement and other nonmetallic minerals 239,0.0,0.0,0.0,0.0,0.0,1102071876.5619905,1153189294.7951753,1099617000.0,1146255459.0325766,1304181902.8230247,1186953840.6351314,1098865699.4487464,1044250899.3843895,999780790.8759968,986330390.3805616,971139989.4200706,957529143.3610148,945313783.1835397,784270655.550309,754261112.3912135,720965939.272055,689126044.5431105,669404165.0272206,652602367.5609708,625559632.7439202,608099938.2236055,589160328.611807,572815938.9091313,560561437.3250543,551496372.5754172,537251283.4428285,528116769.55978817,519915070.1325663,511192109.2641678,505012908.60136575,500416718.60658133
iron and steel 241,0.0,0.0,0.0,0.0,0.0,306746158.2484725,310287122.17049754,366008527.9606379,356273214.28571427,345378080.56910104,322312649.6916118,289962720.4611428,277891278.58367974,281753860.52810687,282663109.5889149,279400782.42515755,273377273.8922956,263219175.87772912,263221938.53522894,267701172.72511253,268930447.86165816,271756568.7002019,274751866.7728984,277324303.9285881,280649574.55325353,283042091.9797054,283868777.9219929,286684422.0134453,291961283.67403406,295018389.28572565,295949673.6012887,295075253.2058623,291610369.0235651,287620211.61630875,287780694.30924237,290471976.927508
other metals 242,0.0,0.0,0.0,0.0,0.0,0.0,0.0,0.0,0.0,0.0,0.0,0.0,0.0,0.0,0.0,0.0,0.0,0.0,0.0,0.0,0.0,0.0,0.0,0.0,0.0,0.0,0.0,0.0,0.0,0.0,0.0,0.0,0.0,0.0,0.0,0.0
metal products except machinery and vehicles 25,0.0,0.0,0.0,0.0,0.0,0.0,0.0,0.0,0.0,0.0,0.0,0.0,0.0,0.0,0.0,0.0,0.0,0.0,0.0,0.0,0.0,0.0,0.0,0.0,0.0,0.0,0.0,0.0,0.0,0.0,0.0,0.0,0.0,0.0,0.0,0.0
computers and electronics 26,0.0,0.0,0.0,0.0,0.0,0.0,0.0,0.0,0.0,0.0,0.0,0.0,0.0,0.0,0.0,0.0,0.0,0.0,0.0,0.0,0.0,0.0,0.0,0.0,0.0,0.0,0.0,0.0,0.0,0.0,0.0,0.0,0.0,0.0,0.0,0.0
appliances and electrical equipment 27,0.0,0.0,0.0,0.0,0.0,0.0,0.0,0.0,0.0,0.0,0.0,0.0,0.0,0.0,0.0,0.0,0.0,0.0,0.0,0.0,0.0,0.0,0.0,0.0,0.0,0.0,0.0,0.0,0.0,0.0,0.0,0.0,0.0,0.0,0.0,0.0
other machinery 28,0.0,0.0,0.0,0.0,0.0,0.0,0.0,0.0,0.0,0.0,0.0,0.0,0.0,0.0,0.0,0.0,0.0,0.0,0.0,0.0,0.0,0.0,0.0,0.0,0.0,0.0,0.0,0.0,0.0,0.0,0.0,0.0,0.0,0.0,0.0,0.0
road vehicles 29,0.0,0.0,0.0,0.0,0.0,0.0,0.0,0.0,0.0,0.0,0.0,0.0,0.0,0.0,0.0,0.0,0.0,0.0,0.0,0.0,0.0,0.0,0.0,0.0,0.0,0.0,0.0,0.0,0.0,0.0,0.0,0.0,0.0,0.0,0.0,0.0
nonroad vehicles 30,0.0,0.0,0.0,0.0,0.0,0.0,0.0,0.0,0.0,0.0,0.0,0.0,0.0,0.0,0.0,0.0,0.0,0.0,0.0,0.0,0.0,0.0,0.0,0.0,0.0,0.0,0.0,0.0,0.0,0.0,0.0,0.0,0.0,0.0,0.0,0.0
other manufacturing 31T33,0.0,0.0,0.0,0.0,0.0,103814576.3705104,104683131.66351606,113822822.16171494,123754901.28250088,121738656.86588955,118445326.51644754,116769810.35613462,116528706.73128718,116945279.68410294,118699594.0952712,120844588.13580784,122932227.32285722,126464735.11987174,129487485.7328703,132617587.77925064,135288841.87227252,136891077.63701266,138948439.85425466,141962078.87963247,143813465.04657528,146595731.84474596,149303009.82367605,151603252.97294188,153418155.9003501,155205850.76097575,157275513.5294744,160855820.3130836,163092655.2125306,165028195.51697665,167165985.2642368,169353919.26895145
energy pipelines and gas processing 352T353,0.0,0.0,0.0,0.0,0.0,110711844.613918,110289647.28312679,127245854.03555262,139142100.1221001,159796711.80490533,162751749.7417712,163684256.00618884,174402281.5219574,187877984.54438952,189988981.40491793,193030084.08735886,190791142.53509447,186830631.2976727,180125903.50948638,175639300.37765467,173802769.64370647,173631858.05117187,173778397.33764946,171632259.58599633,172416386.8278464,171583258.97187907,169823404.6558314,169660879.29807818,170623419.97384784,171452842.4886008,172383170.41967386,172964989.05298948,171817103.3393055,171101046.64241064,171952550.2354162,173866151.88881016
water and waste 36T39,0.0,0.0,0.0,0.0,0.0,0.0,0.0,0.0,0.0,0.0,0.0,0.0,0.0,0.0,0.0,0.0,0.0,0.0,0.0,0.0,0.0,0.0,0.0,0.0,0.0,0.0,0.0,0.0,0.0,0.0,0.0,0.0,0.0,0.0,0.0,0.0
construction 41T43,0.0,0.0,0.0,0.0,0.0,0.0,0.0,0.0,0.0,0.0,0.0,0.0,0.0,0.0,0.0,0.0,0.0,0.0,0.0,0.0,0.0,0.0,0.0,0.0,0.0,0.0,0.0,0.0,0.0,0.0,0.0,0.0,0.0,0.0,0.0,0.0
